config_tag,fusion_type,split,n_runs,loss_mean,loss_std,top1_mean,top1_std,top5_mean,top5_std,seen_top1_mean,seen_top1_std,seen_top5_mean,seen_top5_std,unseen_top1_mean,unseen_top1_std,unseen_top5_mean,unseen_top5_std,auc_csp_style_mean,auc_csp_style_std
rerun-csp_vocab_dinov3_cspref_ut_zappos_s42_20260503-024433-20260503-162218,clip_similarity,test,1,3.6159340975296033,0.0,0.3040494166094715,0.0,0.7947838023335622,0.0,0.5151515151515151,0.0,0.8856304985337243,0.0,0.18984664198836596,0.0,0.745637228979376,0.0,0.1394065486094418,0.0
rerun-csp_vocab_dinov3_cspref_ut_zappos_s42_20260503-024433-20260503-162218,clip_similarity,val,1,3.691002870837427,0.0,0.26944617299315493,0.0,0.79869321717486,0.0,0.3774230330672748,0.0,0.8335233751425314,0.0,0.22892597347026103,0.0,0.785622593068036,0.0,0.1799003096299604,0.0
