{
  "dataset": "cspref_mit_states",
  "split": "val",
  "seed": 42,
  "fusion_type": "clip_similarity",
  "experiment_tag": "rerun-dinov3_cspref_mit_states_clip-similarity_s42_20260508-215106-20260508-220549",
  "checkpoint": "/mnt/d/CSCI1430_Homeworks/final-project/checkpoints/dinov3_cspref_mit_states_clip-similarity_s42_20260508-215106.pt",
  "from_hub": "",
  "lr": 5e-05,
  "weight_decay": 1e-05,
  "loss": 4.868511199951172,
  "top1": 0.0078125,
  "top5": 0.015625,
  "seen_top1": 0.0,
  "seen_top5": 0.0,
  "unseen_top1": 0.00909090909090909,
  "unseen_top5": 0.01818181818181818,
  "auc_csp_style": 0.0002525252464105083,
  "batch_size": 128,
  "timestamp_unix": 1778292567
}
