{
  "dataset": "cspref_mit_states",
  "split": "val",
  "seed": 42,
  "fusion_type": "clip_similarity",
  "experiment_tag": "rerun-dinov3_cspref_mit_states_clipstyle_s42_20260502-164530-20260503-162218",
  "checkpoint": "/oscar/data/class/csci1430/students/zzhan360/Text-Conditoned-I-JEPA/checkpoints/dinov3_cspref_mit_states_clipstyle_s42_20260502-164530.pt",
  "from_hub": "",
  "lr": 5e-05,
  "weight_decay": 1e-05,
  "loss": 3.9783399347609154,
  "top1": 0.159021113243762,
  "top5": 0.46756238003838774,
  "seen_top1": 0.329175704989154,
  "seen_top5": 0.6469631236442517,
  "unseen_top1": 0.12243470149253731,
  "unseen_top5": 0.42898787313432835,
  "auc_csp_style": 0.05949945724322765,
  "batch_size": 128,
  "timestamp_unix": 1777840131
}
