{
  "dataset": "cspref_mit_states",
  "split": "test",
  "seed": 42,
  "fusion_type": "clip_similarity",
  "experiment_tag": "rerun-dinov3_cspref_mit_states_clipstyle_s42_20260502-164530-20260503-162218",
  "checkpoint": "/oscar/data/class/csci1430/students/zzhan360/Text-Conditoned-I-JEPA/checkpoints/dinov3_cspref_mit_states_clipstyle_s42_20260502-164530.pt",
  "from_hub": "",
  "lr": 5e-05,
  "weight_decay": 1e-05,
  "loss": 3.9685079096830456,
  "top1": 0.14197768372450942,
  "top5": 0.4306271642939592,
  "seen_top1": 0.2966386554621849,
  "seen_top5": 0.6327731092436975,
  "unseen_top1": 0.10730098916627415,
  "unseen_top5": 0.38530381535562885,
  "auc_csp_style": 0.04546711281705594,
  "batch_size": 128,
  "timestamp_unix": 1777840176
}
