config_tag,fusion_type,split,n_runs,loss_mean,loss_std,top1_mean,top1_std,top5_mean,top5_std,seen_top1_mean,seen_top1_std,seen_top5_mean,seen_top5_std,unseen_top1_mean,unseen_top1_std,unseen_top5_mean,unseen_top5_std,auc_csp_style_mean,auc_csp_style_std
rerun-dinov3_cspref_mit_states_clipstyle_s42_20260502-164530-20260503-162218,clip_similarity,test,1,3.9685079096830456,0.0,0.14197768372450942,0.0,0.4306271642939592,0.0,0.2966386554621849,0.0,0.6327731092436975,0.0,0.10730098916627415,0.0,0.38530381535562885,0.0,0.04546711281705594,0.0
rerun-dinov3_cspref_mit_states_clipstyle_s42_20260502-164530-20260503-162218,clip_similarity,val,1,3.9783399347609154,0.0,0.159021113243762,0.0,0.46756238003838774,0.0,0.329175704989154,0.0,0.6469631236442517,0.0,0.12243470149253731,0.0,0.42898787313432835,0.0,0.05949945724322765,0.0
rerun-ijepa_cspref_mit_states_clipstyle_s42_20260502-182023-20260503-162218,clip_similarity,test,1,4.179710300631962,0.0,0.0822624086186995,0.0,0.3045786841092728,0.0,0.16932773109243698,0.0,0.4638655462184874,0.0,0.06274140367404617,0.0,0.26886481394253414,0.0,0.017265345756909876,0.0
rerun-ijepa_cspref_mit_states_clipstyle_s42_20260502-182023-20260503-162218,clip_similarity,val,1,4.155419340701112,0.0,0.09424184261036468,0.0,0.318426103646833,0.0,0.2077006507592191,0.0,0.46475054229934926,0.0,0.06984608208955224,0.0,0.2869636194029851,0.0,0.023724014939519422,0.0
rerun-vjepa_cspref_mit_states_clipstyle_s42_20260502-220643-20260503-162218,clip_similarity,test,1,4.125534990596147,0.0,0.08911119661408234,0.0,0.30050019238168524,0.0,0.19705882352941176,0.0,0.48403361344537815,0.0,0.06490814884597268,0.0,0.25934997644842206,0.0,0.019681994011070087,0.0
rerun-vjepa_cspref_mit_states_clipstyle_s42_20260502-220643-20260503-162218,clip_similarity,val,1,4.137413136377902,0.0,0.10556621880998081,0.0,0.33128598848368523,0.0,0.2039045553145336,0.0,0.4761388286334056,0.0,0.08442164179104478,0.0,0.30013992537313433,0.0,0.02875919165939121,0.0
