{
  "dataset": "cspref_mit_states",
  "split": "test",
  "seed": 42,
  "fusion_type": "clip_similarity",
  "experiment_tag": "rerun-ijepa_cspref_mit_states_clipstyle_s42_20260502-182023-20260503-162218",
  "checkpoint": "/oscar/data/class/csci1430/students/zzhan360/Text-Conditoned-I-JEPA/checkpoints/ijepa_cspref_mit_states_clipstyle_s42_20260502-182023.pt",
  "from_hub": "",
  "lr": 5e-05,
  "weight_decay": 1e-05,
  "loss": 4.179710300631962,
  "top1": 0.0822624086186995,
  "top5": 0.3045786841092728,
  "seen_top1": 0.16932773109243698,
  "seen_top5": 0.4638655462184874,
  "unseen_top1": 0.06274140367404617,
  "unseen_top5": 0.26886481394253414,
  "auc_csp_style": 0.017265345756909876,
  "batch_size": 128,
  "timestamp_unix": 1777840500
}
