{
  "dataset": "cspref_mit_states",
  "split": "test",
  "seed": 42,
  "fusion_type": "clip_similarity",
  "experiment_tag": "rerun-vjepa_cspref_mit_states_clipstyle_s42_20260502-220643-20260503-162218",
  "checkpoint": "/oscar/data/class/csci1430/students/zzhan360/Text-Conditoned-I-JEPA/checkpoints/vjepa_cspref_mit_states_clipstyle_s42_20260502-220643.pt",
  "from_hub": "",
  "lr": 5e-05,
  "weight_decay": 1e-05,
  "loss": 4.125534990596147,
  "top1": 0.08911119661408234,
  "top5": 0.30050019238168524,
  "seen_top1": 0.19705882352941176,
  "seen_top5": 0.48403361344537815,
  "unseen_top1": 0.06490814884597268,
  "unseen_top5": 0.25934997644842206,
  "auc_csp_style": 0.019681994011070087,
  "batch_size": 128,
  "timestamp_unix": 1777841026
}
