{
  "dataset": "cspref_mit_states",
  "split": "test",
  "seed": 42,
  "fusion_type": "clip_similarity",
  "experiment_tag": "dinov3-clip-similarity-s42-20260508-171823",
  "checkpoint": "checkpoints/dinov3_cspref_mit_states_clip-similarity_s42_20260508-171823.pt",
  "from_hub": "",
  "lr": 5e-05,
  "weight_decay": 1e-05,
  "loss": 4.895906684893101,
  "top1": 0.001462100808003078,
  "top5": 0.004694113120430935,
  "seen_top1": 0.0,
  "seen_top5": 0.003781512605042017,
  "unseen_top1": 0.0017899199246349505,
  "unseen_top5": 0.004898728214790391,
  "auc_csp_style": 4.5717770219968015e-06,
  "batch_size": 128,
  "timestamp_unix": 1778275424
}
