{
  "dataset": "cspref_mit_states",
  "split": "val",
  "seed": 4,
  "fusion_type": "clip_similarity",
  "experiment_tag": "clip-sim-s4-top1-clip-sim-lr5e-05-bs128-wd5e-05",
  "checkpoint": "checkpoints/cspref_mit_states_clip-sim_s4-top1-clip-sim-lr5e-05-bs128-wd5e-05.pt",
  "from_hub": "",
  "lr": 5e-05,
  "weight_decay": 5e-05,
  "loss": 4.142800409276746,
  "top1": 0.090978886756238,
  "top5": 0.2837811900191939,
  "seen_top1": 0.17950108459869848,
  "seen_top5": 0.42950108459869846,
  "unseen_top1": 0.07194496268656717,
  "unseen_top5": 0.25244869402985076,
  "auc_csp_style": 0.023171914385301598,
  "batch_size": 128,
  "timestamp_unix": 1777133257
}
