{
  "dataset": "cspref_mit_states",
  "split": "test",
  "seed": 3,
  "fusion_type": "clip_similarity",
  "experiment_tag": "clip-sim-s3-top1-clip-sim-lr5e-05-bs128-wd5e-05",
  "checkpoint": "checkpoints/cspref_mit_states_clip-sim_s3-top1-clip-sim-lr5e-05-bs128-wd5e-05.pt",
  "from_hub": "",
  "lr": 5e-05,
  "weight_decay": 5e-05,
  "loss": 4.1641534377813985,
  "top1": 0.0804155444401693,
  "top5": 0.2676414005386687,
  "seen_top1": 0.17478991596638654,
  "seen_top5": 0.4323529411764706,
  "unseen_top1": 0.059255770136599155,
  "unseen_top5": 0.23071125765426284,
  "auc_csp_style": 0.016309982677285853,
  "batch_size": 128,
  "timestamp_unix": 1777130344
}
