{
  "dataset": "cspref_mit_states",
  "split": "test",
  "seed": 2,
  "fusion_type": "clip_similarity",
  "experiment_tag": "clip-sim-s2-top1-clip-sim-lr5e-05-bs128-wd5e-05",
  "checkpoint": "checkpoints/cspref_mit_states_clip-sim_s2-top1-clip-sim-lr5e-05-bs128-wd5e-05.pt",
  "from_hub": "",
  "lr": 5e-05,
  "weight_decay": 5e-05,
  "loss": 4.165598548362236,
  "top1": 0.07718353212774144,
  "top5": 0.2819545979222778,
  "seen_top1": 0.1684873949579832,
  "seen_top5": 0.44159663865546217,
  "unseen_top1": 0.05671219971738106,
  "unseen_top5": 0.24616109279321716,
  "auc_csp_style": 0.01595403688188698,
  "batch_size": 128,
  "timestamp_unix": 1777127337
}
