{
  "dataset": "cspref_mit_states",
  "split": "val",
  "seed": 1,
  "fusion_type": "clip_similarity",
  "experiment_tag": "clip-sim-s1-top1-clip-sim-lr5e-05-bs128-wd5e-05",
  "checkpoint": "checkpoints/cspref_mit_states_clip-sim_s1-top1-clip-sim-lr5e-05-bs128-wd5e-05.pt",
  "from_hub": "",
  "lr": 5e-05,
  "weight_decay": 5e-05,
  "loss": 4.164126580232851,
  "top1": 0.08857965451055662,
  "top5": 0.30201535508637234,
  "seen_top1": 0.1903470715835141,
  "seen_top5": 0.4408893709327549,
  "unseen_top1": 0.06669776119402986,
  "unseen_top5": 0.27215485074626866,
  "auc_csp_style": 0.02196059417205229,
  "batch_size": 128,
  "timestamp_unix": 1777124260
}
