{
  "dataset": "cspref_mit_states",
  "split": "test",
  "seed": 1,
  "fusion_type": "clip_similarity",
  "experiment_tag": "clip-sim-s1-top1-clip-sim-lr5e-05-bs128-wd5e-05",
  "checkpoint": "checkpoints/cspref_mit_states_clip-sim_s1-top1-clip-sim-lr5e-05-bs128-wd5e-05.pt",
  "from_hub": "",
  "lr": 5e-05,
  "weight_decay": 5e-05,
  "loss": 4.162834746877062,
  "top1": 0.07887649095806079,
  "top5": 0.27387456714120817,
  "seen_top1": 0.1672268907563025,
  "seen_top5": 0.4373949579831933,
  "unseen_top1": 0.05906735751295337,
  "unseen_top5": 0.2372114931700424,
  "auc_csp_style": 0.015874911697007013,
  "batch_size": 128,
  "timestamp_unix": 1777124341
}
