{
  "dataset": "cspref_mit_states",
  "split": "test",
  "seed": 4,
  "fusion_type": "clip_similarity",
  "experiment_tag": "clip-sim-s4-top1-clip-sim-lr5e-05-bs128-wd5e-05",
  "checkpoint": "checkpoints/cspref_mit_states_clip-sim_s4-top1-clip-sim-lr5e-05-bs128-wd5e-05.pt",
  "from_hub": "",
  "lr": 5e-05,
  "weight_decay": 5e-05,
  "loss": 4.168405642991985,
  "top1": 0.0810311658330127,
  "top5": 0.28434013081954596,
  "seen_top1": 0.16806722689075632,
  "seen_top5": 0.4436974789915966,
  "unseen_top1": 0.06151672162034856,
  "unseen_top5": 0.24861045690061234,
  "auc_csp_style": 0.017179867013481585,
  "batch_size": 128,
  "timestamp_unix": 1777133341
}
