{
  "dataset": "cspref_mit_states",
  "split": "val",
  "seed": 0,
  "fusion_type": "clip_similarity",
  "experiment_tag": "dinov3-s0-20260501-172131",
  "checkpoint": "checkpoints/dinov3_mit_states_clipstyle_s0_20260501-172131.pt",
  "from_hub": "",
  "lr": 5e-05,
  "weight_decay": 5e-05,
  "loss": 3.972763914613486,
  "top1": 0.1566218809980806,
  "top5": 0.44126679462571977,
  "seen_top1": 0.2988069414316703,
  "seen_top5": 0.6198481561822126,
  "unseen_top1": 0.12604944029850745,
  "unseen_top5": 0.40286847014925375,
  "auc_csp_style": 0.06084489962651633,
  "batch_size": 128,
  "timestamp_unix": 1777671396
}
