{
  "dataset": "cspref_mit_states",
  "split": "test",
  "seed": 0,
  "fusion_type": "clip_similarity",
  "experiment_tag": "dinov3-s0-20260501-172131",
  "checkpoint": "checkpoints/dinov3_mit_states_clipstyle_s0_20260501-172131.pt",
  "from_hub": "",
  "lr": 5e-05,
  "weight_decay": 5e-05,
  "loss": 3.9664579966472817,
  "top1": 0.1351288957291266,
  "top5": 0.4113120430934975,
  "seen_top1": 0.28823529411764703,
  "seen_top5": 0.6100840336134454,
  "unseen_top1": 0.10080075365049458,
  "unseen_top5": 0.36674517192651906,
  "auc_csp_style": 0.04257557257860307,
  "batch_size": 128,
  "timestamp_unix": 1777671452
}
