{
  "dataset": "cspref_mit_states",
  "split": "test",
  "seed": 0,
  "fusion_type": "clip_similarity",
  "experiment_tag": "clip-sim-s0-g3-lr5e-3-bs256-wd1e-5",
  "checkpoint": "checkpoints/cspref_mit_states_clip-sim_s0-g3-lr5e-3-bs256-wd1e-5.pt",
  "from_hub": "",
  "lr": 0.005,
  "weight_decay": 1e-05,
  "loss": 5.086041604614845,
  "top1": 0.07910734898037707,
  "top5": 0.2621777606771835,
  "seen_top1": 0.15798319327731092,
  "seen_top5": 0.42016806722689076,
  "unseen_top1": 0.061422515308525674,
  "unseen_top5": 0.22675459255770136,
  "auc_csp_style": 0.01662567268565947,
  "batch_size": 256,
  "timestamp_unix": 1777091302
}
