{
  "dataset": "cspref_mit_states",
  "split": "val",
  "seed": 0,
  "fusion_type": "clip_similarity",
  "experiment_tag": "clip-sim-s0-g2-lr5e-3-bs128-wd5e-5",
  "checkpoint": "checkpoints/cspref_mit_states_clip-sim_s0-g2-lr5e-3-bs128-wd5e-5.pt",
  "from_hub": "",
  "lr": 0.005,
  "weight_decay": 5e-05,
  "loss": 4.780876039223113,
  "top1": 0.0862763915547025,
  "top5": 0.2671785028790787,
  "seen_top1": 0.15889370932754882,
  "seen_top5": 0.39370932754880694,
  "unseen_top1": 0.07066231343283583,
  "unseen_top5": 0.23997201492537312,
  "auc_csp_style": 0.021871496891682045,
  "batch_size": 128,
  "timestamp_unix": 1777034412
}
