{
  "dataset": "cspref_mit_states",
  "split": "test",
  "seed": 0,
  "fusion_type": "clip_similarity",
  "experiment_tag": "clip-sim-s0-g8-lr5e-4-bs256-wd5e-5",
  "checkpoint": "checkpoints/cspref_mit_states_clip-sim_s0-g8-lr5e-4-bs256-wd5e-5.pt",
  "from_hub": "",
  "lr": 0.0005,
  "weight_decay": 5e-05,
  "loss": 5.051481135325416,
  "top1": 0.07241246633320508,
  "top5": 0.26248557137360523,
  "seen_top1": 0.1672268907563025,
  "seen_top5": 0.43109243697478994,
  "unseen_top1": 0.05115402731983043,
  "unseen_top5": 0.22468205369759775,
  "auc_csp_style": 0.014341110361371506,
  "batch_size": 256,
  "timestamp_unix": 1777106317
}
