{
  "dataset": "cspref_mit_states",
  "split": "val",
  "seed": 0,
  "fusion_type": "clip_similarity",
  "experiment_tag": "clip-sim-s0-g2-lr5e-3-bs128-wd5e-5",
  "checkpoint": "checkpoints/cspref_mit_states_clip-sim_s0-g2-lr5e-3-bs128-wd5e-5.pt",
  "from_hub": "",
  "lr": 0.005,
  "weight_decay": 5e-05,
  "loss": 4.781247874093376,
  "top1": 0.08685220729366602,
  "top5": 0.26727447216890593,
  "seen_top1": 0.16106290672451193,
  "seen_top5": 0.39370932754880694,
  "unseen_top1": 0.0708955223880597,
  "unseen_top5": 0.24008861940298507,
  "auc_csp_style": 0.021933150576441022,
  "batch_size": 128,
  "timestamp_unix": 1777088186
}
