{
  "dataset": "cspref_mit_states",
  "split": "val",
  "seed": 0,
  "fusion_type": "clip_similarity",
  "experiment_tag": "clip-sim-s0-g3-lr5e-3-bs256-wd1e-5",
  "checkpoint": "checkpoints/cspref_mit_states_clip-sim_s0-g3-lr5e-3-bs256-wd1e-5.pt",
  "from_hub": "",
  "lr": 0.005,
  "weight_decay": 1e-05,
  "loss": 5.0877734317889365,
  "top1": 0.08915547024952016,
  "top5": 0.27571976967370443,
  "seen_top1": 0.17299349240780912,
  "seen_top5": 0.4121475054229935,
  "unseen_top1": 0.07112873134328358,
  "unseen_top5": 0.24638526119402984,
  "auc_csp_style": 0.02343124034169177,
  "batch_size": 256,
  "timestamp_unix": 1777047352
}
