{
  "dataset": "cspref_mit_states",
  "split": "val",
  "seed": 0,
  "fusion_type": "clip_similarity",
  "experiment_tag": "clip-sim-s0-g3-lr5e-3-bs256-wd1e-5",
  "checkpoint": "checkpoints/cspref_mit_states_clip-sim_s0-g3-lr5e-3-bs256-wd1e-5.pt",
  "from_hub": "",
  "lr": 0.005,
  "weight_decay": 1e-05,
  "loss": 5.087304013704384,
  "top1": 0.08934740882917466,
  "top5": 0.2755278310940499,
  "seen_top1": 0.1735357917570499,
  "seen_top5": 0.4116052060737527,
  "unseen_top1": 0.07124533582089553,
  "unseen_top5": 0.2462686567164179,
  "auc_csp_style": 0.023472468815516543,
  "batch_size": 256,
  "timestamp_unix": 1777091208
}
