{
  "dataset": "cspref_mit_states",
  "split": "val",
  "seed": 0,
  "fusion_type": "clip_similarity",
  "experiment_tag": "clip-sim-s0-g10-lr5e-5-bs128-wd5e-5",
  "checkpoint": "checkpoints/cspref_mit_states_clip-sim_s0-g10-lr5e-5-bs128-wd5e-5.pt",
  "from_hub": "",
  "lr": 5e-05,
  "weight_decay": 5e-05,
  "loss": 4.139541766556577,
  "top1": 0.09884836852207293,
  "top5": 0.29875239923224567,
  "seen_top1": 0.19143167028199568,
  "seen_top5": 0.43872017353579174,
  "unseen_top1": 0.07894123134328358,
  "unseen_top5": 0.26865671641791045,
  "auc_csp_style": 0.0256794176415061,
  "batch_size": 128,
  "timestamp_unix": 1777112239
}
