{
  "dataset": "cspref_mit_states",
  "split": "test",
  "seed": 0,
  "fusion_type": "clip_similarity",
  "experiment_tag": "clip-sim-s0-g10-lr5e-5-bs128-wd5e-5",
  "checkpoint": "checkpoints/cspref_mit_states_clip-sim_s0-g10-lr5e-5-bs128-wd5e-5.pt",
  "from_hub": "",
  "lr": 5e-05,
  "weight_decay": 5e-05,
  "loss": 4.154900130330255,
  "top1": 0.07595228934205464,
  "top5": 0.27418237783762983,
  "seen_top1": 0.1815126050420168,
  "seen_top5": 0.4365546218487395,
  "unseen_top1": 0.05228450306170514,
  "unseen_top5": 0.23777673104097974,
  "auc_csp_style": 0.015166602514187971,
  "batch_size": 128,
  "timestamp_unix": 1777112325
}
