{
  "dataset": "cspref_mit_states",
  "split": "val",
  "seed": 0,
  "fusion_type": "clip_similarity",
  "experiment_tag": "clip-sim-s0-g6-lr5e-4-bs128-wd5e-5",
  "checkpoint": "checkpoints/cspref_mit_states_clip-sim_s0-g6-lr5e-4-bs128-wd5e-5.pt",
  "from_hub": "",
  "lr": 0.0005,
  "weight_decay": 5e-05,
  "loss": 4.969735841513137,
  "top1": 0.08848368522072937,
  "top5": 0.2682341650671785,
  "seen_top1": 0.17245119305856832,
  "seen_top5": 0.40563991323210413,
  "unseen_top1": 0.07042910447761194,
  "unseen_top5": 0.23868936567164178,
  "auc_csp_style": 0.021689001629263533,
  "batch_size": 128,
  "timestamp_unix": 1777100215
}
