{
  "dataset": "cspref_mit_states",
  "split": "test",
  "seed": 0,
  "fusion_type": "clip_similarity",
  "experiment_tag": "clip-sim-s0-g1-lr5e-3-bs128-wd1e-5",
  "checkpoint": "checkpoints/cspref_mit_states_clip-sim_s0-g1-lr5e-3-bs128-wd1e-5.pt",
  "from_hub": "",
  "lr": 0.005,
  "weight_decay": 1e-05,
  "loss": 4.775837720839415,
  "top1": 0.07564447864563294,
  "top5": 0.2559445940746441,
  "seen_top1": 0.1453781512605042,
  "seen_top5": 0.39873949579831935,
  "unseen_top1": 0.06000942063118229,
  "unseen_top5": 0.2239284032030146,
  "auc_csp_style": 0.01611018994531059,
  "batch_size": 128,
  "timestamp_unix": 1777085266
}
