{
  "dataset": "cspref_mit_states",
  "split": "test",
  "seed": 0,
  "fusion_type": "clip_similarity",
  "experiment_tag": "clip-sim-s0-g2-lr5e-3-bs128-wd5e-5",
  "checkpoint": "checkpoints/cspref_mit_states_clip-sim_s0-g2-lr5e-3-bs128-wd5e-5.pt",
  "from_hub": "",
  "lr": 0.005,
  "weight_decay": 5e-05,
  "loss": 4.775769585671449,
  "top1": 0.07564447864563294,
  "top5": 0.2559445940746441,
  "seen_top1": 0.1453781512605042,
  "seen_top5": 0.3983193277310924,
  "unseen_top1": 0.06000942063118229,
  "unseen_top5": 0.2240226095148375,
  "auc_csp_style": 0.01610559835538035,
  "batch_size": 128,
  "timestamp_unix": 1777088274
}
