{
  "dataset": "cspref_mit_states",
  "split": "val",
  "seed": 0,
  "fusion_type": "clip_similarity",
  "experiment_tag": "clip-sim-s0-g12-lr5e-5-bs256-wd5e-5",
  "checkpoint": "checkpoints/cspref_mit_states_clip-sim_s0-g12-lr5e-5-bs256-wd5e-5.pt",
  "from_hub": "",
  "lr": 5e-05,
  "weight_decay": 5e-05,
  "loss": 4.393642533534777,
  "top1": 0.09683301343570058,
  "top5": 0.2950095969289827,
  "seen_top1": 0.18817787418655096,
  "seen_top5": 0.43221258134490237,
  "unseen_top1": 0.07719216417910447,
  "unseen_top5": 0.2655083955223881,
  "auc_csp_style": 0.02460582143636661,
  "batch_size": 256,
  "timestamp_unix": 1777118247
}
