{
  "dataset": "cspref_mit_states",
  "split": "test",
  "seed": 0,
  "fusion_type": "clip_similarity",
  "experiment_tag": "clip-sim-s0-g5-lr5e-4-bs128-wd1e-5",
  "checkpoint": "checkpoints/cspref_mit_states_clip-sim_s0-g5-lr5e-4-bs128-wd1e-5.pt",
  "from_hub": "",
  "lr": 0.0005,
  "weight_decay": 1e-05,
  "loss": 4.966693701602808,
  "top1": 0.074028472489419,
  "top5": 0.25063485956136977,
  "seen_top1": 0.15546218487394958,
  "seen_top5": 0.40630252100840336,
  "unseen_top1": 0.05577013659915214,
  "unseen_top5": 0.21573245407442299,
  "auc_csp_style": 0.014969026970465732,
  "batch_size": 128,
  "timestamp_unix": 1777097305
}
