{
  "dataset": "cspref_mit_states",
  "split": "test",
  "seed": 0,
  "fusion_type": "cross_attention",
  "experiment_tag": "cross-attn-s0-g1-lr5e-3-bs128-wd1e-5",
  "checkpoint": "checkpoints/cspref_mit_states_cross-attn_s0-g1-lr5e-3-bs128-wd1e-5.pt",
  "from_hub": "",
  "lr": 0.005,
  "weight_decay": 1e-05,
  "loss": 4.8482192670257795,
  "top1": 0.0006925740669488264,
  "top5": 0.004309349749903809,
  "seen_top1": 0.003781512605042017,
  "seen_top5": 0.007142857142857143,
  "unseen_top1": 0.0,
  "unseen_top5": 0.003674046161092793,
  "auc_csp_style": NaN,
  "batch_size": 128,
  "timestamp_unix": 1777028849
}
