{
  "dataset": "cspref_mit_states",
  "split": "test",
  "seed": 42,
  "fusion_type": "clip_similarity",
  "experiment_tag": "dinov3-s42-20260502-164530",
  "checkpoint": "checkpoints/dinov3_cspref_mit_states_clipstyle_s42_20260502-164530.pt",
  "from_hub": "",
  "lr": 5e-05,
  "weight_decay": 1e-05,
  "loss": 3.9685079096830456,
  "top1": 0.1345902270103886,
  "top5": 0.40869565217391307,
  "seen_top1": 0.2819327731092437,
  "seen_top5": 0.6100840336134454,
  "unseen_top1": 0.10155440414507771,
  "unseen_top5": 0.36354215732454076,
  "auc_csp_style": 0.042433371876662705,
  "batch_size": 128,
  "timestamp_unix": 1777755632
}
