{
  "dataset": "cspref_mit_states",
  "split": "val",
  "seed": 42,
  "fusion_type": "clip_similarity",
  "experiment_tag": "dinov3-s42-20260502-164530",
  "checkpoint": "checkpoints/dinov3_cspref_mit_states_clipstyle_s42_20260502-164530.pt",
  "from_hub": "",
  "lr": 5e-05,
  "weight_decay": 1e-05,
  "loss": 3.9783399347609154,
  "top1": 0.1461612284069098,
  "top5": 0.43406909788867565,
  "seen_top1": 0.3096529284164859,
  "seen_top5": 0.6203904555314533,
  "unseen_top1": 0.11100746268656717,
  "unseen_top5": 0.39400652985074625,
  "auc_csp_style": 0.05336045972793879,
  "batch_size": 128,
  "timestamp_unix": 1777755580
}
