{
  "dataset": "cspref_mit_states",
  "split": "test",
  "seed": 42,
  "fusion_type": "clip_similarity",
  "experiment_tag": "dinov3-s42-20260502-055943",
  "checkpoint": "checkpoints/dinov3_cspref_mit_states_clipstyle_s42_20260502-055943.pt",
  "from_hub": "",
  "lr": 5e-05,
  "weight_decay": 5e-05,
  "loss": 3.9195652639191625,
  "top1": 0.13443632166217775,
  "top5": 0.3993074259330512,
  "seen_top1": 0.2630252100840336,
  "seen_top5": 0.5836134453781513,
  "unseen_top1": 0.10560527555346208,
  "unseen_top5": 0.35798398492699013,
  "auc_csp_style": 0.04159859736884061,
  "batch_size": 128,
  "timestamp_unix": 1777719584
}
