{
  "dataset": "cspref_mit_states",
  "split": "test",
  "seed": 42,
  "fusion_type": "clip_similarity",
  "experiment_tag": "ijepa-s42-20260502-182023",
  "checkpoint": "checkpoints/ijepa_cspref_mit_states_clipstyle_s42_20260502-182023.pt",
  "from_hub": "",
  "lr": 5e-05,
  "weight_decay": 1e-05,
  "loss": 4.179710300631962,
  "top1": 0.07564447864563294,
  "top5": 0.2837245094267026,
  "seen_top1": 0.15546218487394958,
  "seen_top5": 0.4394957983193277,
  "unseen_top1": 0.057748469147432875,
  "unseen_top5": 0.24879886952425811,
  "auc_csp_style": 0.015639396032021243,
  "batch_size": 128,
  "timestamp_unix": 1777763473
}
