{
  "dataset": "cspref_mit_states",
  "split": "test",
  "seed": 42,
  "fusion_type": "clip_similarity",
  "experiment_tag": "ijepa-s42-20260502-024256",
  "checkpoint": "checkpoints/ijepa_cspref_mit_states_clipstyle_s42_20260502-024256.pt",
  "from_hub": "",
  "lr": 5e-05,
  "weight_decay": 5e-05,
  "loss": 4.128780777649771,
  "top1": 0.0727972297037322,
  "top5": 0.27395151981531357,
  "seen_top1": 0.14327731092436974,
  "seen_top5": 0.4096638655462185,
  "unseen_top1": 0.05699481865284974,
  "unseen_top5": 0.24352331606217617,
  "auc_csp_style": 0.01414321751596587,
  "batch_size": 128,
  "timestamp_unix": 1777707956
}
