{
  "dataset": "cspref_mit_states",
  "split": "val",
  "seed": 42,
  "fusion_type": "clip_similarity",
  "experiment_tag": "ijepa-s42-20260502-024256",
  "checkpoint": "checkpoints/ijepa_cspref_mit_states_clipstyle_s42_20260502-024256.pt",
  "from_hub": "",
  "lr": 5e-05,
  "weight_decay": 5e-05,
  "loss": 4.104864605740714,
  "top1": 0.08502879078694818,
  "top5": 0.2741842610364683,
  "seen_top1": 0.17678958785249457,
  "seen_top5": 0.4002169197396963,
  "unseen_top1": 0.06529850746268656,
  "unseen_top5": 0.2470848880597015,
  "auc_csp_style": 0.02040224209779702,
  "batch_size": 128,
  "timestamp_unix": 1777707864
}
