{
  "dataset": "cspref_mit_states",
  "split": "test",
  "seed": 42,
  "fusion_type": "clip_similarity",
  "experiment_tag": "vjepa-s42-20260502-034613",
  "checkpoint": "checkpoints/vjepa_cspref_mit_states_clipstyle_s42_20260502-034613.pt",
  "from_hub": "",
  "lr": 5e-05,
  "weight_decay": 5e-05,
  "loss": 4.0881484525944005,
  "top1": 0.07633705271258176,
  "top5": 0.2663332050788765,
  "seen_top1": 0.15672268907563025,
  "seen_top5": 0.4273109243697479,
  "unseen_top1": 0.05831370701837023,
  "unseen_top5": 0.23024022609514838,
  "auc_csp_style": 0.015451399122535452,
  "batch_size": 128,
  "timestamp_unix": 1777715946
}
