{
  "dataset": "cspref_cgqa",
  "split": "val",
  "seed": 42,
  "fusion_type": "clip_similarity",
  "experiment_tag": "dinov3-s42-20260502-162807",
  "checkpoint": "checkpoints/dinov3_cspref_cgqa_clipstyle_s42_20260502-162807.pt",
  "from_hub": "",
  "lr": 5e-05,
  "weight_decay": 5e-05,
  "loss": 1.71225259408846,
  "top1": 0.12472527472527473,
  "top5": 0.3096153846153846,
  "seen_top1": 0.16711809317443121,
  "seen_top5": 0.3821776814734561,
  "unseen_top1": 0.08110367892976589,
  "unseen_top5": 0.23494983277591974,
  "auc_csp_style": 0.02108999772075429,
  "batch_size": 128,
  "timestamp_unix": 1777754656
}
