{
  "dataset": "cspref_cgqa",
  "split": "val",
  "seed": 42,
  "fusion_type": "clip_similarity",
  "experiment_tag": "dinov3-s42-20260501-201800",
  "checkpoint": "checkpoints/dinov3_cspref_cgqa_clipstyle_s42_20260501-201800.pt",
  "from_hub": "",
  "lr": 5e-05,
  "weight_decay": 5e-05,
  "loss": 1.7826052246512947,
  "top1": 0.12129120879120879,
  "top5": 0.29642857142857143,
  "seen_top1": 0.1684723726977248,
  "seen_top5": 0.3732394366197183,
  "unseen_top1": 0.07274247491638795,
  "unseen_top5": 0.21739130434782608,
  "auc_csp_style": 0.019065863165700983,
  "batch_size": 128,
  "timestamp_unix": 1777683074
}
