{
  "dataset": "cspref_cgqa",
  "split": "test",
  "seed": 42,
  "fusion_type": "clip_similarity",
  "experiment_tag": "dinov3-s42-20260502-162807",
  "checkpoint": "checkpoints/dinov3_cspref_cgqa_clipstyle_s42_20260502-162807.pt",
  "from_hub": "",
  "lr": 5e-05,
  "weight_decay": 5e-05,
  "loss": 1.6526502389541182,
  "top1": 0.15398195370733622,
  "top5": 0.335033346410357,
  "seen_top1": 0.18664643399089528,
  "seen_top5": 0.38796155791603437,
  "unseen_top1": 0.04108391608391608,
  "unseen_top5": 0.1520979020979021,
  "auc_csp_style": 0.012603529003979541,
  "batch_size": 128,
  "timestamp_unix": 1777754704
}
