{
  "dataset": "cspref_cgqa",
  "split": "test",
  "seed": 42,
  "fusion_type": "clip_similarity",
  "experiment_tag": "ijepa-s42-20260502-173241",
  "checkpoint": "checkpoints/ijepa_cspref_cgqa_clipstyle_s42_20260502-173241.pt",
  "from_hub": "",
  "lr": 5e-05,
  "weight_decay": 5e-05,
  "loss": 2.095582333580098,
  "top1": 0.1010200078462142,
  "top5": 0.25147116516280893,
  "seen_top1": 0.12291350531107739,
  "seen_top5": 0.29564997470915527,
  "unseen_top1": 0.025349650349650348,
  "unseen_top5": 0.09877622377622378,
  "auc_csp_style": 0.005780969767074491,
  "batch_size": 128,
  "timestamp_unix": 1777760379
}
