{
  "dataset": "cspref_cgqa",
  "split": "test",
  "seed": 42,
  "fusion_type": "clip_similarity",
  "experiment_tag": "ijepa-s42-20260501-210856",
  "checkpoint": "checkpoints/ijepa_cspref_cgqa_clipstyle_s42_20260501-210856.pt",
  "from_hub": "",
  "lr": 5e-05,
  "weight_decay": 5e-05,
  "loss": 2.1759756137081667,
  "top1": 0.0982738328756375,
  "top5": 0.24597881522165554,
  "seen_top1": 0.1201315123925139,
  "seen_top5": 0.29236216489630756,
  "unseen_top1": 0.022727272727272728,
  "unseen_top5": 0.08566433566433566,
  "auc_csp_style": 0.004990188879027961,
  "batch_size": 128,
  "timestamp_unix": 1777687593
}
