{
  "dataset": "cspref_cgqa",
  "split": "val",
  "seed": 42,
  "fusion_type": "clip_similarity",
  "experiment_tag": "ijepa-s42-20260502-173241",
  "checkpoint": "checkpoints/ijepa_cspref_cgqa_clipstyle_s42_20260502-173241.pt",
  "from_hub": "",
  "lr": 5e-05,
  "weight_decay": 5e-05,
  "loss": 2.128759342235523,
  "top1": 0.08118131868131868,
  "top5": 0.22266483516483518,
  "seen_top1": 0.11078006500541712,
  "seen_top5": 0.2841278439869989,
  "unseen_top1": 0.050724637681159424,
  "unseen_top5": 0.15942028985507245,
  "auc_csp_style": 0.00952830749704113,
  "batch_size": 128,
  "timestamp_unix": 1777760320
}
