{
  "dataset": "cspref_cgqa",
  "split": "test",
  "seed": 42,
  "fusion_type": "clip_similarity",
  "experiment_tag": "vjepa-s42-20260502-202444",
  "checkpoint": "checkpoints/vjepa_cspref_cgqa_clipstyle_s42_20260502-202444.pt",
  "from_hub": "",
  "lr": 5e-05,
  "weight_decay": 5e-05,
  "loss": 2.3700812560242737,
  "top1": 0.07748136524127108,
  "top5": 0.2043938799529227,
  "seen_top1": 0.09458775923115832,
  "seen_top5": 0.2407688416793121,
  "unseen_top1": 0.018356643356643356,
  "unseen_top5": 0.07867132867132867,
  "auc_csp_style": 0.003480365127523203,
  "batch_size": 128,
  "timestamp_unix": 1777773983
}
