{
  "dataset": "cspref_cgqa",
  "split": "val",
  "seed": 42,
  "fusion_type": "clip_similarity",
  "experiment_tag": "vjepa-s42-20260501-233121",
  "checkpoint": "checkpoints/vjepa_cspref_cgqa_clipstyle_s42_20260501-233121.pt",
  "from_hub": "",
  "lr": 5e-05,
  "weight_decay": 5e-05,
  "loss": 2.4964140347072057,
  "top1": 0.05631868131868132,
  "top5": 0.15782967032967032,
  "seen_top1": 0.08017334777898158,
  "seen_top5": 0.2034127843986999,
  "unseen_top1": 0.03177257525083612,
  "unseen_top5": 0.1109253065774805,
  "auc_csp_style": 0.0042398612406421236,
  "batch_size": 128,
  "timestamp_unix": 1777699241
}
