{
  "dataset": "cspref_cgqa",
  "split": "test",
  "seed": 42,
  "fusion_type": "clip_similarity",
  "experiment_tag": "vjepa-s42-20260501-233121",
  "checkpoint": "checkpoints/vjepa_cspref_cgqa_clipstyle_s42_20260501-233121.pt",
  "from_hub": "",
  "lr": 5e-05,
  "weight_decay": 5e-05,
  "loss": 2.4588297224362816,
  "top1": 0.07767752059631228,
  "top5": 0.19556688897606905,
  "seen_top1": 0.09534648457258472,
  "seen_top5": 0.23318158826504806,
  "unseen_top1": 0.016608391608391608,
  "unseen_top5": 0.06555944055944056,
  "auc_csp_style": 0.002835492707917806,
  "batch_size": 128,
  "timestamp_unix": 1777699323
}
