{
  "dataset": "cspref_cgqa",
  "split": "val",
  "seed": 42,
  "fusion_type": "clip_similarity",
  "experiment_tag": "rerun-dinov3_cspref_cgqa_clipstyle_s42_20260502-162807-20260503-162218",
  "checkpoint": "/oscar/data/class/csci1430/students/zzhan360/Text-Conditoned-I-JEPA/checkpoints/dinov3_cspref_cgqa_clipstyle_s42_20260502-162807.pt",
  "from_hub": "",
  "lr": 5e-05,
  "weight_decay": 5e-05,
  "loss": 1.71225259408846,
  "top1": 0.1304945054945055,
  "top5": 0.32293956043956046,
  "seen_top1": 0.17361863488624052,
  "seen_top5": 0.3984290357529794,
  "unseen_top1": 0.08612040133779264,
  "unseen_top5": 0.24526198439241917,
  "auc_csp_style": 0.022392491475158857,
  "batch_size": 128,
  "timestamp_unix": 1777840042
}
