config_tag,fusion_type,split,n_runs,loss_mean,loss_std,top1_mean,top1_std,top5_mean,top5_std,seen_top1_mean,seen_top1_std,seen_top5_mean,seen_top5_std,unseen_top1_mean,unseen_top1_std,unseen_top5_mean,unseen_top5_std,auc_csp_style_mean,auc_csp_style_std
rerun-dinov3_cspref_cgqa_clipstyle_s42_20260502-162807-20260503-162218,clip_similarity,test,1,1.6526502389541182,0.0,0.16810513927030207,0.0,0.3638681836014123,0.0,0.20156803237228124,0.0,0.4170460293373799,0.0,0.05244755244755245,0.0,0.18006993006993008,0.0,0.01687500698724352,0.0
rerun-dinov3_cspref_cgqa_clipstyle_s42_20260502-162807-20260503-162218,clip_similarity,val,1,1.71225259408846,0.0,0.1304945054945055,0.0,0.32293956043956046,0.0,0.17361863488624052,0.0,0.3984290357529794,0.0,0.08612040133779264,0.0,0.24526198439241917,0.0,0.022392491475158857,0.0
rerun-ijepa_cspref_cgqa_clipstyle_s42_20260502-173241-20260503-162218,clip_similarity,test,1,2.095582333580098,0.0,0.11514319340918007,0.0,0.2738328756375049,0.0,0.13935255437531613,0.0,0.3206879109762266,0.0,0.03146853146853147,0.0,0.11188811188811189,0.0,0.007427969908309198,0.0
rerun-ijepa_cspref_cgqa_clipstyle_s42_20260502-173241-20260503-162218,clip_similarity,val,1,2.128759342235523,0.0,0.08653846153846154,0.0,0.23434065934065934,0.0,0.11782231852654387,0.0,0.2979414951245937,0.0,0.05434782608695652,0.0,0.1688963210702341,0.0,0.010370731150733226,0.0
rerun-vjepa_cspref_cgqa_clipstyle_s42_20260502-202444-20260503-162218,clip_similarity,test,1,2.3700812560242737,0.0,0.08905453118870145,0.0,0.22381326010200078,0.0,0.10849772382397573,0.0,0.26024279210925644,0.0,0.021853146853146852,0.0,0.0979020979020979,0.0,0.004269930244653622,0.0
rerun-vjepa_cspref_cgqa_clipstyle_s42_20260502-202444-20260503-162218,clip_similarity,val,1,2.4118180254003505,0.0,0.06387362637362637,0.0,0.18255494505494504,0.0,0.08450704225352113,0.0,0.22724810400866738,0.0,0.042642140468227424,0.0,0.13656633221850614,0.0,0.006085274428475736,0.0
