{
  "dataset": "cspref_cgqa",
  "split": "test",
  "seed": 42,
  "fusion_type": "clip_similarity",
  "experiment_tag": "rerun-ijepa_cspref_cgqa_clipstyle_s42_20260502-173241-20260503-162218",
  "checkpoint": "/oscar/data/class/csci1430/students/zzhan360/Text-Conditoned-I-JEPA/checkpoints/ijepa_cspref_cgqa_clipstyle_s42_20260502-173241.pt",
  "from_hub": "",
  "lr": 5e-05,
  "weight_decay": 5e-05,
  "loss": 2.095582333580098,
  "top1": 0.11514319340918007,
  "top5": 0.2738328756375049,
  "seen_top1": 0.13935255437531613,
  "seen_top5": 0.3206879109762266,
  "unseen_top1": 0.03146853146853147,
  "unseen_top5": 0.11188811188811189,
  "auc_csp_style": 0.007427969908309198,
  "batch_size": 128,
  "timestamp_unix": 1777840342
}
