{
  "dataset": "cspref_cgqa",
  "split": "val",
  "seed": 42,
  "fusion_type": "clip_similarity",
  "experiment_tag": "rerun-ijepa_cspref_cgqa_clipstyle_s42_20260502-173241-20260503-162218",
  "checkpoint": "/oscar/data/class/csci1430/students/zzhan360/Text-Conditoned-I-JEPA/checkpoints/ijepa_cspref_cgqa_clipstyle_s42_20260502-173241.pt",
  "from_hub": "",
  "lr": 5e-05,
  "weight_decay": 5e-05,
  "loss": 2.128759342235523,
  "top1": 0.08653846153846154,
  "top5": 0.23434065934065934,
  "seen_top1": 0.11782231852654387,
  "seen_top5": 0.2979414951245937,
  "unseen_top1": 0.05434782608695652,
  "unseen_top5": 0.1688963210702341,
  "auc_csp_style": 0.010370731150733226,
  "batch_size": 128,
  "timestamp_unix": 1777840287
}
