config_tag,fusion_type,split,n_runs,loss_mean,loss_std,top1_mean,top1_std,top5_mean,top5_std,seen_top1_mean,seen_top1_std,seen_top5_mean,seen_top5_std,unseen_top1_mean,unseen_top1_std,unseen_top5_mean,unseen_top5_std,auc_csp_style_mean,auc_csp_style_std
rerun-csp_vocab_dinov3_cspref_cgqa_s42_20260503-013631-20260503-162218,clip_similarity,test,1,1.6036973236214185,0.0,0.1600627697136132,0.0,0.37563750490388387,0.0,0.19018715225088517,0.0,0.4271623672230653,0.0,0.055944055944055944,0.0,0.19755244755244755,0.0,0.017321575725895814,0.0
rerun-csp_vocab_dinov3_cspref_cgqa_s42_20260503-013631-20260503-162218,clip_similarity,val,1,1.6872402686339159,0.0,0.13145604395604396,0.0,0.3278846153846154,0.0,0.18661971830985916,0.0,0.4141386782231853,0.0,0.07469342251950947,0.0,0.2391304347826087,0.0,0.021266641665354705,0.0
