config_tag,fusion_type,split,n_runs,loss_mean,loss_std,top1_mean,top1_std,top5_mean,top5_std,seen_top1_mean,seen_top1_std,seen_top5_mean,seen_top5_std,unseen_top1_mean,unseen_top1_std,unseen_top5_mean,unseen_top5_std,auc_csp_style_mean,auc_csp_style_std
rerun-csp_vocab_dinov3_cspref_mit_states_s42_20260503-022254-20260503-162218,clip_similarity,test,1,3.9321569810788786,0.0,0.13374374759522895,0.0,0.4238553289726818,0.0,0.3403361344537815,0.0,0.6558823529411765,0.0,0.0874234573716439,0.0,0.37183231276495526,0.0,0.0402009605421475,0.0
rerun-csp_vocab_dinov3_cspref_mit_states_s42_20260503-022254-20260503-162218,clip_similarity,val,1,3.95202921521412,0.0,0.15307101727447217,0.0,0.45527831094049903,0.0,0.36984815618221256,0.0,0.6849240780911063,0.0,0.1064598880597015,0.0,0.4059001865671642,0.0,0.05482051341142111,0.0
