{
  "dataset": "cspref_ut_zappos",
  "split": "val",
  "seed": 42,
  "fusion_type": "clip_similarity",
  "experiment_tag": "rerun-dinov3_cspref_ut_zappos_clipstyle_s42_20260502-161910-20260503-162218",
  "checkpoint": "/oscar/data/class/csci1430/students/zzhan360/Text-Conditoned-I-JEPA/checkpoints/dinov3_cspref_ut_zappos_clipstyle_s42_20260502-161910.pt",
  "from_hub": "",
  "lr": 0.0005,
  "weight_decay": 1e-05,
  "loss": 3.890561336898329,
  "top1": 0.3777224642190417,
  "top5": 0.7878033602986932,
  "seen_top1": 0.48004561003420754,
  "seen_top5": 0.8745724059293044,
  "unseen_top1": 0.33932391955498503,
  "unseen_top5": 0.7552417629439452,
  "auc_csp_style": 0.28572041091882205,
  "batch_size": 128,
  "timestamp_unix": 1777840202
}
