config_tag,fusion_type,split,n_runs,loss_mean,loss_std,top1_mean,top1_std,top5_mean,top5_std,seen_top1_mean,seen_top1_std,seen_top5_mean,seen_top5_std,unseen_top1_mean,unseen_top1_std,unseen_top5_mean,unseen_top5_std,auc_csp_style_mean,auc_csp_style_std
rerun-dinov3_cspref_ut_zappos_clipstyle_s42_20260502-161910-20260503-162218,clip_similarity,test,1,3.6345476904550313,0.0,0.3218943033630748,0.0,0.7875772134522993,0.0,0.4555229716520039,0.0,0.8856304985337243,0.0,0.24960338445267055,0.0,0.7345319936541512,0.0,0.1692751052874658,0.0
rerun-dinov3_cspref_ut_zappos_clipstyle_s42_20260502-161910-20260503-162218,clip_similarity,val,1,3.890561336898329,0.0,0.3777224642190417,0.0,0.7878033602986932,0.0,0.48004561003420754,0.0,0.8745724059293044,0.0,0.33932391955498503,0.0,0.7552417629439452,0.0,0.28572041091882205,0.0
rerun-ijepa_cspref_ut_zappos_clipstyle_s42_20260502-170105-20260503-162218,clip_similarity,test,1,3.702815206883783,0.0,0.2910089224433768,0.0,0.6829100892244337,0.0,0.4447702834799609,0.0,0.8250244379276638,0.0,0.2078265468006346,0.0,0.6060285563194078,0.0,0.14071955612081655,0.0
rerun-ijepa_cspref_ut_zappos_clipstyle_s42_20260502-170105-20260503-162218,clip_similarity,val,1,3.8175550075369586,0.0,0.22121966397013068,0.0,0.747355320472931,0.0,0.3010262257696693,0.0,0.82212086659065,0.0,0.19127086007702182,0.0,0.7192982456140351,0.0,0.15299268056759885,0.0
rerun-vjepa_cspref_ut_zappos_clipstyle_s42_20260502-191137-20260503-162218,clip_similarity,test,1,3.734792860550838,0.0,0.21173644474948525,0.0,0.6726149622512011,0.0,0.29716520039100686,0.0,0.7947214076246334,0.0,0.165520888418826,0.0,0.6065573770491803,0.0,0.09631360937605288,0.0
rerun-vjepa_cspref_ut_zappos_clipstyle_s42_20260502-191137-20260503-162218,clip_similarity,val,1,3.8279399066217654,0.0,0.21313005600497822,0.0,0.6994399502177971,0.0,0.21892816419612315,0.0,0.6727480045610034,0.0,0.21095421480530593,0.0,0.709456568249893,0.0,0.14780910269490172,0.0
