{
  "dataset": "cspref_ut_zappos",
  "split": "test",
  "seed": 42,
  "fusion_type": "clip_similarity",
  "experiment_tag": "rerun-ijepa_cspref_ut_zappos_clipstyle_s42_20260502-170105-20260503-162218",
  "checkpoint": "/oscar/data/class/csci1430/students/zzhan360/Text-Conditoned-I-JEPA/checkpoints/ijepa_cspref_ut_zappos_clipstyle_s42_20260502-170105.pt",
  "from_hub": "",
  "lr": 0.0005,
  "weight_decay": 1e-05,
  "loss": 3.702815206883783,
  "top1": 0.2910089224433768,
  "top5": 0.6829100892244337,
  "seen_top1": 0.4447702834799609,
  "seen_top5": 0.8250244379276638,
  "unseen_top1": 0.2078265468006346,
  "unseen_top5": 0.6060285563194078,
  "auc_csp_style": 0.14071955612081655,
  "batch_size": 128,
  "timestamp_unix": 1777840570
}
