{
  "dataset": "cspref_ut_zappos",
  "split": "val",
  "seed": 42,
  "fusion_type": "clip_similarity",
  "experiment_tag": "rerun-ijepa_cspref_ut_zappos_clipstyle_s42_20260502-170105-20260503-162218",
  "checkpoint": "/oscar/data/class/csci1430/students/zzhan360/Text-Conditoned-I-JEPA/checkpoints/ijepa_cspref_ut_zappos_clipstyle_s42_20260502-170105.pt",
  "from_hub": "",
  "lr": 0.0005,
  "weight_decay": 1e-05,
  "loss": 3.8175550075369586,
  "top1": 0.22121966397013068,
  "top5": 0.747355320472931,
  "seen_top1": 0.3010262257696693,
  "seen_top5": 0.82212086659065,
  "unseen_top1": 0.19127086007702182,
  "unseen_top5": 0.7192982456140351,
  "auc_csp_style": 0.15299268056759885,
  "batch_size": 128,
  "timestamp_unix": 1777840536
}
