{
  "dataset": "cspref_ut_zappos",
  "split": "test",
  "seed": 42,
  "fusion_type": "clip_similarity",
  "experiment_tag": "dinov3-s42-20260502-161910",
  "checkpoint": "checkpoints/dinov3_cspref_ut_zappos_clipstyle_s42_20260502-161910.pt",
  "from_hub": "",
  "lr": 0.0005,
  "weight_decay": 1e-05,
  "loss": 3.6345476904550313,
  "top1": 0.2913520933424846,
  "top5": 0.7450240219629375,
  "seen_top1": 0.39002932551319647,
  "seen_top5": 0.863147605083089,
  "unseen_top1": 0.23796932839767318,
  "unseen_top5": 0.6811210999471179,
  "auc_csp_style": 0.16069481562413168,
  "batch_size": 128,
  "timestamp_unix": 1777753669
}
