{
  "dataset": "cspref_ut_zappos",
  "split": "val",
  "seed": 42,
  "fusion_type": "clip_similarity",
  "experiment_tag": "dinov3-s42-20260502-161910",
  "checkpoint": "checkpoints/dinov3_cspref_ut_zappos_clipstyle_s42_20260502-161910.pt",
  "from_hub": "",
  "lr": 0.0005,
  "weight_decay": 1e-05,
  "loss": 3.890561336898329,
  "top1": 0.33976353453640323,
  "top5": 0.7507778469197262,
  "seen_top1": 0.44811858608893956,
  "seen_top5": 0.8529076396807298,
  "unseen_top1": 0.2991014120667522,
  "unseen_top5": 0.7124518613607189,
  "auc_csp_style": 0.24932631650376624,
  "batch_size": 128,
  "timestamp_unix": 1777753637
}
