{
  "dataset": "cspref_ut_zappos",
  "split": "val",
  "seed": 42,
  "fusion_type": "clip_similarity",
  "experiment_tag": "dinov3-s42-20260501-193453",
  "checkpoint": "checkpoints/dinov3_cspref_ut_zappos_clipstyle_s42_20260501-193453.pt",
  "from_hub": "",
  "lr": 5e-05,
  "weight_decay": 5e-05,
  "loss": 3.6230330510249256,
  "top1": 0.2299315494710641,
  "top5": 0.7401991288114499,
  "seen_top1": 0.3409350057012543,
  "seen_top5": 0.8403648802736602,
  "unseen_top1": 0.188275566966196,
  "unseen_top5": 0.7026101839965768,
  "auc_csp_style": 0.1529309599474452,
  "batch_size": 128,
  "timestamp_unix": 1777679717
}
