{
  "dataset": "cspref_ut_zappos",
  "split": "test",
  "seed": 42,
  "fusion_type": "clip_similarity",
  "experiment_tag": "dinov3-s42-20260501-193453",
  "checkpoint": "checkpoints/dinov3_cspref_ut_zappos_clipstyle_s42_20260501-193453.pt",
  "from_hub": "",
  "lr": 5e-05,
  "weight_decay": 5e-05,
  "loss": 3.5453033167446977,
  "top1": 0.2886067261496225,
  "top5": 0.7237474262182567,
  "seen_top1": 0.41348973607038125,
  "seen_top5": 0.8621700879765396,
  "unseen_top1": 0.22104706504494975,
  "unseen_top5": 0.6488630354309889,
  "auc_csp_style": 0.15604294884662462,
  "batch_size": 128,
  "timestamp_unix": 1777679751
}
