{
  "dataset": "cspref_ut_zappos",
  "split": "test",
  "seed": 42,
  "fusion_type": "clip_similarity",
  "experiment_tag": "ijepa-s42-20260502-170105",
  "checkpoint": "checkpoints/ijepa_cspref_ut_zappos_clipstyle_s42_20260502-170105.pt",
  "from_hub": "",
  "lr": 0.0005,
  "weight_decay": 1e-05,
  "loss": 3.702815206883783,
  "top1": 0.24330816746739878,
  "top5": 0.646190803019904,
  "seen_top1": 0.3479960899315738,
  "seen_top5": 0.7956989247311828,
  "unseen_top1": 0.1866737176097303,
  "unseen_top5": 0.565309360126917,
  "auc_csp_style": 0.1251927510203692,
  "batch_size": 128,
  "timestamp_unix": 1777757523
}
