{
  "dataset": "cspref_ut_zappos",
  "split": "test",
  "seed": 42,
  "fusion_type": "clip_similarity",
  "experiment_tag": "ijepa-s42-20260501-225518",
  "checkpoint": "checkpoints/ijepa_cspref_ut_zappos_clipstyle_s42_20260501-225518.pt",
  "from_hub": "",
  "lr": 5e-05,
  "weight_decay": 5e-05,
  "loss": 3.631803213118198,
  "top1": 0.2618393960192176,
  "top5": 0.6307481125600549,
  "seen_top1": 0.4125122189638319,
  "seen_top5": 0.7869012707722385,
  "unseen_top1": 0.18032786885245902,
  "unseen_top5": 0.5462718138551031,
  "auc_csp_style": 0.1281304676620416,
  "batch_size": 128,
  "timestamp_unix": 1777692667
}
