{
  "dataset": "cspref_ut_zappos",
  "split": "val",
  "seed": 42,
  "fusion_type": "clip_similarity",
  "experiment_tag": "vjepa-s42-20260502-012231",
  "checkpoint": "checkpoints/vjepa_cspref_ut_zappos_clipstyle_s42_20260502-012231.pt",
  "from_hub": "",
  "lr": 5e-05,
  "weight_decay": 5e-05,
  "loss": 3.759150749418998,
  "top1": 0.1611698817672682,
  "top5": 0.6070317361543248,
  "seen_top1": 0.24287343215507412,
  "seen_top5": 0.6898517673888256,
  "unseen_top1": 0.1305091998288404,
  "unseen_top5": 0.5759520753102267,
  "auc_csp_style": 0.09347788172507676,
  "batch_size": 128,
  "timestamp_unix": 1777704083
}
